epoch,loss,nmse_db_metric,nmse_metric,val_loss,val_nmse_db_metric,val_nmse_metric
0,702.1806030273438,5.447770118713379,656.36474609375,1.8092900514602661,2.344637870788574,1.7157896757125854
1,1.324460506439209,0.6762093901634216,1.2524880170822144,0.5188701152801514,-3.252802610397339,0.49047017097473145
2,0.44203177094459534,-4.380272388458252,0.4177822470664978,0.21052046120166779,-7.280245304107666,0.19881144165992737
3,0.2803104519844055,-6.284309387207031,0.26482415199279785,0.2162468582391739,-7.057928085327148,0.20422454178333282
4,0.2164313644170761,-7.541679382324219,0.20444686710834503,0.1804744154214859,-7.858820915222168,0.17043113708496094
5,0.17274512350559235,-8.443805694580078,0.1631641834974289,0.12925657629966736,-9.387263298034668,0.12210464477539062
6,0.14417997002601624,-9.149136543273926,0.13617216050624847,0.1226884201169014,-9.597505569458008,0.11586511880159378
7,0.12762969732284546,-9.629932403564453,0.12054302543401718,0.11137744039297104,-10.050893783569336,0.10519533604383469
8,0.11800634115934372,-10.052626609802246,0.11144907772541046,0.10790089517831802,-10.192378044128418,0.10191323608160019
9,0.10703647881746292,-10.45073413848877,0.1010885238647461,0.0896635577082634,-11.053681373596191,0.08465389162302017
10,0.09390845149755478,-10.947546005249023,0.08868324011564255,0.08361385017633438,-11.396696090698242,0.07894622534513474
11,0.0918034017086029,-11.157636642456055,0.08669769763946533,0.08243946731090546,-11.453011512756348,0.07784777134656906
12,0.0895436629652977,-11.332419395446777,0.08456967025995255,0.06462867558002472,-12.66446304321289,0.06103314459323883
13,0.07849860936403275,-11.857786178588867,0.07414223998785019,0.08527107536792755,-11.463663101196289,0.08061207085847855
14,0.07875280827283859,-11.846590042114258,0.07438259571790695,0.057282865047454834,-13.208893775939941,0.05410946160554886
15,0.07089695334434509,-12.321436882019043,0.06696715950965881,0.05426156893372536,-13.396368980407715,0.0512499064207077
16,0.06525114178657532,-12.57115364074707,0.06163691356778145,0.07824575901031494,-11.744986534118652,0.07394984364509583
17,0.061259981244802475,-12.880961418151855,0.05787292867898941,0.13070236146450043,-9.150747299194336,0.1234365850687027
18,0.05941871553659439,-13.004963874816895,0.05613964796066284,0.057097043842077255,-12.961276054382324,0.053937878459692
19,0.05279668793082237,-13.38442325592041,0.0498824305832386,0.04450240731239319,-14.028651237487793,0.04204486310482025
20,0.04845350608229637,-13.693611145019531,0.04578154906630516,0.03944944217801094,-14.588817596435547,0.0372728668153286
21,0.04757402092218399,-13.81100082397461,0.04495228826999664,0.03877171874046326,-14.589417457580566,0.03664005920290947
22,0.04435599222779274,-14.0676908493042,0.04191188886761665,0.04062824696302414,-14.375894546508789,0.038389902561903
23,0.043156884610652924,-14.199958801269531,0.04078158363699913,0.03865451738238335,-14.61540412902832,0.036540742963552475
24,0.038826633244752884,-14.624897956848145,0.03669092804193497,0.040266621857881546,-14.401697158813477,0.03806101158261299
25,0.038010019809007645,-14.760910987854004,0.03592028096318245,0.03285866230726242,-15.336039543151855,0.03105243295431137
26,0.03650323301553726,-14.945528030395508,0.034496065229177475,0.034517474472522736,-15.12929630279541,0.03262738138437271
27,0.03442005440592766,-15.18976879119873,0.03252815455198288,0.030868036672472954,-15.614831924438477,0.029172910377383232
28,0.03270493447780609,-15.438361167907715,0.0309084951877594,0.031390804797410965,-15.597549438476562,0.02967175282537937
29,0.030801789835095406,-15.674999237060547,0.029111526906490326,0.030412906780838966,-15.746551513671875,0.028741057962179184
30,0.03002067655324936,-15.79265022277832,0.028373651206493378,0.027576038613915443,-16.21560287475586,0.026065049692988396
31,0.029534297063946724,-15.909754753112793,0.02791444957256317,0.029034804552793503,-15.912191390991211,0.027442283928394318
32,0.028394151479005814,-16.0638484954834,0.026837678626179695,0.026679158210754395,-16.328781127929688,0.02521795965731144
33,0.02638154849410057,-16.387130737304688,0.024936679750680923,0.025103053078055382,-16.643314361572266,0.023729825392365456
34,0.02553965151309967,-16.54707908630371,0.024141699075698853,0.025947945192456245,-16.463638305664062,0.02454126626253128
35,0.02456582710146904,-16.71797752380371,0.02322160266339779,0.02387114055454731,-16.925983428955078,0.022567491978406906
36,0.023587992414832115,-16.91640853881836,0.022298360243439674,0.02307461015880108,-17.012231826782227,0.021812420338392258
37,0.022715434432029724,-17.09603500366211,0.021473301574587822,0.021816754713654518,-17.31215476989746,0.020626647397875786
38,0.022820813581347466,-17.09659767150879,0.021573008969426155,0.02281022258102894,-17.11353874206543,0.0215651486068964
39,0.021625250577926636,-17.33673095703125,0.02044355683028698,0.02150411531329155,-17.369781494140625,0.020332712680101395
40,0.02114567719399929,-17.45027732849121,0.019990118220448494,0.021364590153098106,-17.485042572021484,0.020200330764055252
41,0.020258169621229172,-17.640535354614258,0.019152307882905006,0.023679161444306374,-16.89607810974121,0.022387037053704262
42,0.020039081573486328,-17.728912353515625,0.018943993374705315,0.020705290138721466,-17.599843978881836,0.01957966387271881
43,0.019551079720258713,-17.85590362548828,0.018483128398656845,0.018737981095910072,-18.023883819580078,0.017716126516461372
44,0.019371867179870605,-17.884801864624023,0.018313875421881676,0.01973671466112137,-17.795177459716797,0.018659736961126328
45,0.01883966661989689,-18.033855438232422,0.0178103968501091,0.01911310665309429,-18.04183006286621,0.018071286380290985
46,0.018456116318702698,-18.15099334716797,0.01744842156767845,0.018730413168668747,-18.069080352783203,0.01770896650850773
47,0.01833639107644558,-18.15497589111328,0.017334813252091408,0.018364867195487022,-18.13166046142578,0.017364177852869034
48,0.017893511801958084,-18.28383445739746,0.01691591925919056,0.01891525462269783,-18.106924057006836,0.017885392531752586
49,0.017792649567127228,-18.298418045043945,0.016820725053548813,0.019296810030937195,-17.954830169677734,0.018243812024593353
50,0.017370738089084625,-18.428390502929688,0.016421617940068245,0.01774955913424492,-18.423521041870117,0.016783682629466057
51,0.017353598028421402,-18.45830726623535,0.016405684873461723,0.017455460503697395,-18.44151496887207,0.016504762694239616
52,0.01730392314493656,-18.465089797973633,0.016358692198991776,0.01759188622236252,-18.47202491760254,0.01663343235850334
53,0.01709056831896305,-18.522554397583008,0.016157010570168495,0.017651289701461792,-18.48374366760254,0.016688864678144455
54,0.016858503222465515,-18.585887908935547,0.015937475487589836,0.016634324565529823,-18.748815536499023,0.015727587044239044
55,0.016872432082891464,-18.57021141052246,0.015950659289956093,0.018140291795134544,-18.31991958618164,0.017151908949017525
56,0.01682974211871624,-18.619712829589844,0.015910513699054718,0.01815025880932808,-18.273387908935547,0.017161203548312187
57,0.016922246664762497,-18.581193923950195,0.015997355803847313,0.0169479139149189,-18.6447811126709,0.0160235483199358
58,0.016812385991215706,-18.618223190307617,0.015893032774329185,0.017462139949202538,-18.464582443237305,0.01650841161608696
59,0.01674703136086464,-18.63351821899414,0.01583206281065941,0.01745505817234516,-18.521129608154297,0.016503823921084404
